name,f0_
Classic Mac & Cheese,4
Gobi Manchurian,3
Paneer Butter Masala with Mattar Pulao,3
Paneer & corn Pasta,3
Cheese corn Wrap,3
Eggless Red Velvet Jar,2
Masala Kulcha,2
Naan,2
Phulka,2
Awadhi Paneer with Matar Pulao,2
Triple Ripple Death by Chocolate,2
Paneer 65 with Chilli Garlic Fried Rice,2
Hazelnut Brownie,2
Triple Chocolate Waffle,2
Paneer Pulao,2
Nawabi Paneer Lababdar with Matar Pulao,2
Paneer & Onion,2
Golden Corn,2
Kitkat Oreo Shake [300 ml],2
"Corn & Peas Sub (15 cms, 6 Inch)",2
Cheesy Double Decker Taco Veg,2
Idli (2 Pcs),2
Poori Masala,2
Chicken Fried Rice + Bbq Shredded Chicken Sauce,1
Burnt Garlic Chicken Rice + Chilly Shredded Chicken (Serves 1),1
Butter Chicken,1
Snack box,1
Chicken Schezwan Fried Rice,1
Chicken Parcel,1
Chicken Sausage,1
Peri Peri Chicken with Egg Corn Rice,1
Chicken Fried Rice,1
Dragon Chicken,1
Crunchy Chicken,1
"McEgg Meal ( R )	",1
Paratha Kuruma,1
Gobi Manchurian Dry,1
Amritsari Paneer Tikka Lasagne,1
SEV PURI,1
MASALA PURI,1
Sepangkizhangu Fries,1
Onion Aloo Mixed Paratha,1
Mixed Vegetable Raita,1
Penne Arrabiata Pasta La Vista,1
Pind Di Daal Makhani with Jeera Rice,1
Alfredo,1
North Indian Value Combo Meals,1
Veg Zinger,1
Burnt Garlic Noodles + Chilli Corn (Serves 1),1
Seven Taste Uttapam,1
Kadai Paneer,1
Ghee Paneer Masal Dosa,1
Sambar Idli,1
Pomegranate Juices,1
Mango Mastani,1
"Paneer Tikka Sub ( 15 cm, 6 Inch )",1
"Corn & Peas Sub ( 15 cm, 6 Inch )",1
Sprite Can (300 ml),1
Nawabi Paneer Lababdar Parotta Bowl,1
Baked Veggie Pizza Wrap,1
Jumbo Paneer Chole Wrap,1
Rajma Masala Rice Bowl (Mini),1
Paneer Signature Rice Bowl (Mini),1
American Cheese Supreme - Veg,1
Mcflurry Oreo Small,1
McSpicy Paneer Burger,1
Fries (R),1
New Chocolate Chip Muffin,1
Palak Paneer Jumbo Lunchbox,1
Palak Paneer Bread Kulcha Lunchbox,1
Red Velvet Lava Cake,1
Aloo Paratha With Dal Makhani,1
Brownie,1
Baby Corn Manchurian,1
Aloo Sakh with Poori (3 Nos),1
Side Dish with Phulka Chapati (2 Nos),1
Gobi 65,1
Cheese Corn Nuggets,1
Veg Nuggets,1
Butter Masala Corn Sandwich,1
Super Saver Paneer Rice Bowl Meal,1
Brownie Hotfudge Ice Cream Jar,1
BBQ Cottage Sauce Pizza,1
Corn & Cheddar Quesadilla,1
Garlic Bread With Cheese,1
Trio of Chocolate Jar,1
Cashew Pulao,1
Butter Naan + Paneer Butter Masala + RoseMilk,1
Gobi 65 Dry,1
Double Chocolate Mousse,1
Everyday Value 2 Reg Classic Paneer Combo,1
Cheesy Jalapeno Dip,1
Capsicum,1
Farmhouse,1
Desi Dal Tadka with Jeera Rice,1
Mutter Paneer & Paratha Lunchbox,1
Strawberry (Baby),1
Hazelnut (Baby),1
Curd Rice,1
Chocolate Milk Shake,1
Garlic  Naan,1
Butter Naan,1
Gobi Masala,1
Strawberry Milk Shake,1
Good ol' Rajma Chawal,1
The Paneer Overload Fusion Box,1
Paneer Butter Masala with Matar Pulao + Choice of Dessert,1
Oreo Chocolate Melt Jar,1
Classic Mac & Cheese ,1
Bailey's Chocolate Mousse,1
Chocolate Hazelnut Hunger Shake (Regular),1
Makai Masala Rice Bowl,1
Brownie Surprise,1
"Paneer Tikka Sub (15 cms, 6 Inch)",1
Chocolate Lovers,1
Swiss Choco Brownie,1
Paneer Biryani,1
Berry Blast Shake [300 ml],1
Paneer Pulao with Kadhi,1
Tawa Ghee Phulka,1
Mattar Paneer,1
Punjabi Chaach Di-Bottle (Butter Milk),1
Cheese Garlic Kulcha,1
Belgian Chocolate - Dark,1
Peas Pulao ,1
Mixed Veg Raita,1
Paneer Tikka Masala,1
Roti,1
Cookies & Cream,1
Butterscotch Ice cream,1
Swiss Chocolate Ice cream,1
Oreo Cream and Fudge,1
Gobi Manchurian (Dry),1
Paneer Fried Rice,1
Classic Corn (Personal),1
Garlic Breadsticks,1
Punjabi Thali (Limited),1
Fajita Veggies Quesadilla,1
Chocodilla,1
Trimasu Shake,1
Phulka Chapati,1
Daily Special Side Dish (Portion),1
Chapathi Korma,1
Paneer Pulao with Raita,1
Uttapam,1
Mango Blast Thick Shake,1
Cheesy Rice Bowl - Veg,1
"Mexican McAlooTikki Burger         	",1
Veg Pulao with Raita,1
Rasmalai,1
Tawa Paneer Frankie,1
Schezwan Paneer Frankie,1
Mexican Fries (Chef Suggested),1
Maggi Italiano,1
Bubble Gum Ice cream (95 gms),1
Butterscotch Bliss Ice cream (95 gms),1
Cheesy Dip,1
Butterscotch Mousse Cake,1
Triple Choco Chip Thick Shake,1
Cookie and Cream Milkshake,1
Veg Pulao + 3 Phulkas + Dal Fry + Mango Drink (200 ml),1
Cheese Tandoori Veg Pizza Sandwich,1
Mixed Choco Sandwich,1
Oreo Brownie,1