order_id,name,name2,f0_
118594611361,Chicken Fried Rice + Bbq Shredded Chicken Sauce,Naan,Chicken Fried Rice + Bbq Shredded Chicken Sauce-Naan
118594611361,Burnt Garlic Chicken Rice + Chilly Shredded Chicken (Serves 1),Chicken Fried Rice + Bbq Shredded Chicken Sauce,Burnt Garlic Chicken Rice + Chilly Shredded Chicken (Serves 1)-Chicken Fried Rice + Bbq Shredded Chicken Sauce
118594611361,Burnt Garlic Chicken Rice + Chilly Shredded Chicken (Serves 1),Butter Chicken,Burnt Garlic Chicken Rice + Chilly Shredded Chicken (Serves 1)-Butter Chicken
118594611361,Burnt Garlic Chicken Rice + Chilly Shredded Chicken (Serves 1),Burnt Garlic Noodles + Chilli Corn (Serves 1),Burnt Garlic Chicken Rice + Chilly Shredded Chicken (Serves 1)-Burnt Garlic Noodles + Chilli Corn (Serves 1)
118594611361,Burnt Garlic Chicken Rice + Chilly Shredded Chicken (Serves 1),Naan,Burnt Garlic Chicken Rice + Chilly Shredded Chicken (Serves 1)-Naan
118594611361,Butter Chicken,Chicken Fried Rice + Bbq Shredded Chicken Sauce,Butter Chicken-Chicken Fried Rice + Bbq Shredded Chicken Sauce
118594611361,Butter Chicken,Naan,Butter Chicken-Naan
86796243798,Chicken Parcel,Chicken Sausage,Chicken Parcel-Chicken Sausage
86796243798,Chicken Parcel,Paneer & Onion,Chicken Parcel-Paneer & Onion
86796243798,Chicken Sausage,Paneer & Onion,Chicken Sausage-Paneer & Onion
43875533945,Chicken Fried Rice,Dragon Chicken,Chicken Fried Rice-Dragon Chicken
43875533945,Chicken Fried Rice,Gobi Manchurian (Dry),Chicken Fried Rice-Gobi Manchurian (Dry)
43875533945,Chicken Fried Rice,Paneer Fried Rice,Chicken Fried Rice-Paneer Fried Rice
43875533945,Dragon Chicken,Gobi Manchurian (Dry),Dragon Chicken-Gobi Manchurian (Dry)
43875533945,Dragon Chicken,Paneer Fried Rice,Dragon Chicken-Paneer Fried Rice
20698577867,Crunchy Chicken,Paneer & corn Pasta,Crunchy Chicken-Paneer & corn Pasta
19578602443,"McEgg Meal ( R )	","Mexican McAlooTikki Burger         	","McEgg Meal ( R )	-Mexican McAlooTikki Burger         	"
127143465064,Gobi Manchurian Dry,Paratha Kuruma,Gobi Manchurian Dry-Paratha Kuruma
125668909627,MASALA PURI,SEV PURI,MASALA PURI-SEV PURI
124552896092,Masala Kulcha,Onion Aloo Mixed Paratha,Masala Kulcha-Onion Aloo Mixed Paratha
124552896092,Masala Kulcha,Mixed Vegetable Raita,Masala Kulcha-Mixed Vegetable Raita
124552896092,Mixed Vegetable Raita,Onion Aloo Mixed Paratha,Mixed Vegetable Raita-Onion Aloo Mixed Paratha
121958902961,Penne Arrabiata Pasta La Vista,Pind Di Daal Makhani with Jeera Rice,Penne Arrabiata Pasta La Vista-Pind Di Daal Makhani with Jeera Rice
118594611361,Burnt Garlic Noodles + Chilli Corn (Serves 1),Chicken Fried Rice + Bbq Shredded Chicken Sauce,Burnt Garlic Noodles + Chilli Corn (Serves 1)-Chicken Fried Rice + Bbq Shredded Chicken Sauce
118594611361,Burnt Garlic Noodles + Chilli Corn (Serves 1),Butter Chicken,Burnt Garlic Noodles + Chilli Corn (Serves 1)-Butter Chicken
118594611361,Burnt Garlic Noodles + Chilli Corn (Serves 1),Naan,Burnt Garlic Noodles + Chilli Corn (Serves 1)-Naan
118507574782,Masala Kulcha,Seven Taste Uttapam,Masala Kulcha-Seven Taste Uttapam
118507574782,Masala Kulcha,Phulka,Masala Kulcha-Phulka
118507574782,Masala Kulcha,Sambar Idli,Masala Kulcha-Sambar Idli
118507574782,Phulka,Seven Taste Uttapam,Phulka-Seven Taste Uttapam
118507574782,Phulka,Sambar Idli,Phulka-Sambar Idli
118507574782,Kadai Paneer,Seven Taste Uttapam,Kadai Paneer-Seven Taste Uttapam
118507574782,Kadai Paneer,Masala Kulcha,Kadai Paneer-Masala Kulcha
118507574782,Kadai Paneer,Phulka,Kadai Paneer-Phulka
118507574782,Kadai Paneer,Sambar Idli,Kadai Paneer-Sambar Idli
118507574782,Ghee Paneer Masal Dosa,Seven Taste Uttapam,Ghee Paneer Masal Dosa-Seven Taste Uttapam
118507574782,Ghee Paneer Masal Dosa,Masala Kulcha,Ghee Paneer Masal Dosa-Masala Kulcha
118507574782,Ghee Paneer Masal Dosa,Phulka,Ghee Paneer Masal Dosa-Phulka
118507574782,Ghee Paneer Masal Dosa,Kadai Paneer,Ghee Paneer Masal Dosa-Kadai Paneer
118507574782,Ghee Paneer Masal Dosa,Sambar Idli,Ghee Paneer Masal Dosa-Sambar Idli
118507574782,Sambar Idli,Seven Taste Uttapam,Sambar Idli-Seven Taste Uttapam
118166623765,Mango Mastani,Pomegranate Juices,Mango Mastani-Pomegranate Juices
117182948400,"Corn & Peas Sub ( 15 cm, 6 Inch )","Paneer Tikka Sub ( 15 cm, 6 Inch )","Corn & Peas Sub ( 15 cm, 6 Inch )-Paneer Tikka Sub ( 15 cm, 6 Inch )"
116840199924,Classic Mac & Cheese,Sprite Can (300 ml),Classic Mac & Cheese-Sprite Can (300 ml)
116840199924,Classic Mac & Cheese,Nawabi Paneer Lababdar Parotta Bowl,Classic Mac & Cheese-Nawabi Paneer Lababdar Parotta Bowl
116840199924,Classic Mac & Cheese,Triple Ripple Death by Chocolate,Classic Mac & Cheese-Triple Ripple Death by Chocolate
116840199924,Classic Mac & Cheese,Paneer 65 with Chilli Garlic Fried Rice,Classic Mac & Cheese-Paneer 65 with Chilli Garlic Fried Rice
116840199924,Awadhi Paneer with Matar Pulao,Classic Mac & Cheese,Awadhi Paneer with Matar Pulao-Classic Mac & Cheese
116840199924,Awadhi Paneer with Matar Pulao,Sprite Can (300 ml),Awadhi Paneer with Matar Pulao-Sprite Can (300 ml)
116840199924,Awadhi Paneer with Matar Pulao,Nawabi Paneer Lababdar Parotta Bowl,Awadhi Paneer with Matar Pulao-Nawabi Paneer Lababdar Parotta Bowl
116840199924,Awadhi Paneer with Matar Pulao,Triple Ripple Death by Chocolate,Awadhi Paneer with Matar Pulao-Triple Ripple Death by Chocolate
116840199924,Awadhi Paneer with Matar Pulao,Paneer 65 with Chilli Garlic Fried Rice,Awadhi Paneer with Matar Pulao-Paneer 65 with Chilli Garlic Fried Rice
116840199924,Sprite Can (300 ml),Triple Ripple Death by Chocolate,Sprite Can (300 ml)-Triple Ripple Death by Chocolate
116840199924,Nawabi Paneer Lababdar Parotta Bowl,Sprite Can (300 ml),Nawabi Paneer Lababdar Parotta Bowl-Sprite Can (300 ml)
116840199924,Nawabi Paneer Lababdar Parotta Bowl,Triple Ripple Death by Chocolate,Nawabi Paneer Lababdar Parotta Bowl-Triple Ripple Death by Chocolate
116840199924,Nawabi Paneer Lababdar Parotta Bowl,Paneer 65 with Chilli Garlic Fried Rice,Nawabi Paneer Lababdar Parotta Bowl-Paneer 65 with Chilli Garlic Fried Rice
116840199924,Paneer 65 with Chilli Garlic Fried Rice,Sprite Can (300 ml),Paneer 65 with Chilli Garlic Fried Rice-Sprite Can (300 ml)
116840199924,Paneer 65 with Chilli Garlic Fried Rice,Triple Ripple Death by Chocolate,Paneer 65 with Chilli Garlic Fried Rice-Triple Ripple Death by Chocolate
116754798052,Baked Veggie Pizza Wrap,Jumbo Paneer Chole Wrap,Baked Veggie Pizza Wrap-Jumbo Paneer Chole Wrap
116754798052,Baked Veggie Pizza Wrap,Rajma Masala Rice Bowl (Mini),Baked Veggie Pizza Wrap-Rajma Masala Rice Bowl (Mini)
116754798052,Baked Veggie Pizza Wrap,Paneer Signature Rice Bowl (Mini),Baked Veggie Pizza Wrap-Paneer Signature Rice Bowl (Mini)
116754798052,Baked Veggie Pizza Wrap,Hazelnut Brownie,Baked Veggie Pizza Wrap-Hazelnut Brownie
116754798052,Jumbo Paneer Chole Wrap,Rajma Masala Rice Bowl (Mini),Jumbo Paneer Chole Wrap-Rajma Masala Rice Bowl (Mini)
116754798052,Jumbo Paneer Chole Wrap,Paneer Signature Rice Bowl (Mini),Jumbo Paneer Chole Wrap-Paneer Signature Rice Bowl (Mini)
116754798052,Paneer Signature Rice Bowl (Mini),Rajma Masala Rice Bowl (Mini),Paneer Signature Rice Bowl (Mini)-Rajma Masala Rice Bowl (Mini)
116754798052,Hazelnut Brownie,Jumbo Paneer Chole Wrap,Hazelnut Brownie-Jumbo Paneer Chole Wrap
116754798052,Hazelnut Brownie,Rajma Masala Rice Bowl (Mini),Hazelnut Brownie-Rajma Masala Rice Bowl (Mini)
116754798052,Hazelnut Brownie,Paneer Signature Rice Bowl (Mini),Hazelnut Brownie-Paneer Signature Rice Bowl (Mini)
116690334483,American Cheese Supreme - Veg,Snack box,American Cheese Supreme - Veg-Snack box
116690334483,American Cheese Supreme - Veg,Mcflurry Oreo Small,American Cheese Supreme - Veg-Mcflurry Oreo Small
116690334483,American Cheese Supreme - Veg,McSpicy Paneer Burger,American Cheese Supreme - Veg-McSpicy Paneer Burger
116690334483,American Cheese Supreme - Veg,Fries (R),American Cheese Supreme - Veg-Fries (R)
116690334483,American Cheese Supreme - Veg,New Chocolate Chip Muffin,American Cheese Supreme - Veg-New Chocolate Chip Muffin
116690334483,Mcflurry Oreo Small,Snack box,Mcflurry Oreo Small-Snack box
116690334483,Mcflurry Oreo Small,New Chocolate Chip Muffin,Mcflurry Oreo Small-New Chocolate Chip Muffin
116690334483,McSpicy Paneer Burger,Snack box,McSpicy Paneer Burger-Snack box
116690334483,McSpicy Paneer Burger,Mcflurry Oreo Small,McSpicy Paneer Burger-Mcflurry Oreo Small
116690334483,McSpicy Paneer Burger,New Chocolate Chip Muffin,McSpicy Paneer Burger-New Chocolate Chip Muffin
116690334483,Fries (R),Snack box,Fries (R)-Snack box
116690334483,Fries (R),Mcflurry Oreo Small,Fries (R)-Mcflurry Oreo Small
116690334483,Fries (R),McSpicy Paneer Burger,Fries (R)-McSpicy Paneer Burger
116690334483,Fries (R),New Chocolate Chip Muffin,Fries (R)-New Chocolate Chip Muffin
116690334483,New Chocolate Chip Muffin,Snack box,New Chocolate Chip Muffin-Snack box
116666857091,Palak Paneer Jumbo Lunchbox,Red Velvet Lava Cake,Palak Paneer Jumbo Lunchbox-Red Velvet Lava Cake
116666857091,Palak Paneer Bread Kulcha Lunchbox,Palak Paneer Jumbo Lunchbox,Palak Paneer Bread Kulcha Lunchbox-Palak Paneer Jumbo Lunchbox
116666857091,Palak Paneer Bread Kulcha Lunchbox,Red Velvet Lava Cake,Palak Paneer Bread Kulcha Lunchbox-Red Velvet Lava Cake
116666857091,Aloo Paratha With Dal Makhani,Palak Paneer Jumbo Lunchbox,Aloo Paratha With Dal Makhani-Palak Paneer Jumbo Lunchbox
116666857091,Aloo Paratha With Dal Makhani,Palak Paneer Bread Kulcha Lunchbox,Aloo Paratha With Dal Makhani-Palak Paneer Bread Kulcha Lunchbox
116666857091,Aloo Paratha With Dal Makhani,Red Velvet Lava Cake,Aloo Paratha With Dal Makhani-Red Velvet Lava Cake
111332232888,Aloo Sakh with Poori (3 Nos),Side Dish with Phulka Chapati (2 Nos),Aloo Sakh with Poori (3 Nos)-Side Dish with Phulka Chapati (2 Nos)
109947448158,Cheese Corn Nuggets,Veg Nuggets,Cheese Corn Nuggets-Veg Nuggets
109947448158,Butter Masala Corn Sandwich,Cheese Corn Nuggets,Butter Masala Corn Sandwich-Cheese Corn Nuggets
109947448158,Butter Masala Corn Sandwich,Veg Nuggets,Butter Masala Corn Sandwich-Veg Nuggets
109519514675,Hazelnut Brownie,Super Saver Paneer Rice Bowl Meal,Hazelnut Brownie-Super Saver Paneer Rice Bowl Meal
104678065783,BBQ Cottage Sauce Pizza,Corn & Cheddar Quesadilla,BBQ Cottage Sauce Pizza-Corn & Cheddar Quesadilla
104678065783,BBQ Cottage Sauce Pizza,Garlic Bread With Cheese,BBQ Cottage Sauce Pizza-Garlic Bread With Cheese
104678065783,Corn & Cheddar Quesadilla,Garlic Bread With Cheese,Corn & Cheddar Quesadilla-Garlic Bread With Cheese
103899258502,Gobi Manchurian,Paneer Pulao,Gobi Manchurian-Paneer Pulao
103899258502,Gobi Manchurian,Phulka,Gobi Manchurian-Phulka
103899258502,Cashew Pulao,Gobi Manchurian,Cashew Pulao-Gobi Manchurian
103899258502,Cashew Pulao,Paneer Pulao,Cashew Pulao-Paneer Pulao
103899258502,Cashew Pulao,Phulka,Cashew Pulao-Phulka
103899258502,Paneer Pulao,Phulka,Paneer Pulao-Phulka
102089628375,Classic Mac & Cheese,Paneer 65 with Chilli Garlic Fried Rice,Classic Mac & Cheese-Paneer 65 with Chilli Garlic Fried Rice
101569710926,Butter Naan + Paneer Butter Masala + RoseMilk,Gobi 65 Dry,Butter Naan + Paneer Butter Masala + RoseMilk-Gobi 65 Dry
88437200793,Cheesy Jalapeno Dip,Everyday Value 2 Reg Classic Paneer Combo,Cheesy Jalapeno Dip-Everyday Value 2 Reg Classic Paneer Combo
85503629718,Capsicum,Golden Corn,Capsicum-Golden Corn
85503629718,Capsicum,Farmhouse,Capsicum-Farmhouse
85503629718,Farmhouse,Golden Corn,Farmhouse-Golden Corn
85413036372,Nawabi Paneer Lababdar with Matar Pulao,Triple Ripple Death by Chocolate,Nawabi Paneer Lababdar with Matar Pulao-Triple Ripple Death by Chocolate
85413036372,Desi Dal Tadka with Jeera Rice,Nawabi Paneer Lababdar with Matar Pulao,Desi Dal Tadka with Jeera Rice-Nawabi Paneer Lababdar with Matar Pulao
85413036372,Desi Dal Tadka with Jeera Rice,Triple Ripple Death by Chocolate,Desi Dal Tadka with Jeera Rice-Triple Ripple Death by Chocolate
65030558417,Hazelnut (Baby),Strawberry (Baby),Hazelnut (Baby)-Strawberry (Baby)
64919239494,Chocolate Milk Shake,Curd Rice,Chocolate Milk Shake-Curd Rice
64337605340,Garlic  Naan,Paneer Pulao,Garlic  Naan-Paneer Pulao
64337605340,Garlic  Naan,Gobi Masala,Garlic  Naan-Gobi Masala
64337605340,Garlic  Naan,Strawberry Milk Shake,Garlic  Naan-Strawberry Milk Shake
64337605340,Butter Naan,Garlic  Naan,Butter Naan-Garlic  Naan
64337605340,Butter Naan,Paneer Pulao,Butter Naan-Paneer Pulao
64337605340,Butter Naan,Gobi Masala,Butter Naan-Gobi Masala
64337605340,Butter Naan,Strawberry Milk Shake,Butter Naan-Strawberry Milk Shake
64337605340,Paneer Pulao,Strawberry Milk Shake,Paneer Pulao-Strawberry Milk Shake
64337605340,Gobi Masala,Paneer Pulao,Gobi Masala-Paneer Pulao
64337605340,Gobi Masala,Strawberry Milk Shake,Gobi Masala-Strawberry Milk Shake
63528835993,Good ol' Rajma Chawal,Peri Peri Chicken with Egg Corn Rice,Good ol' Rajma Chawal-Peri Peri Chicken with Egg Corn Rice
63528835993,Good ol' Rajma Chawal,Paneer Butter Masala with Mattar Pulao,Good ol' Rajma Chawal-Paneer Butter Masala with Mattar Pulao
63528835993,Paneer Butter Masala with Mattar Pulao,Peri Peri Chicken with Egg Corn Rice,Paneer Butter Masala with Mattar Pulao-Peri Peri Chicken with Egg Corn Rice
54997774768,Bailey's Chocolate Mousse,Classic Mac & Cheese,Bailey's Chocolate Mousse-Classic Mac & Cheese
49749872968,"Corn & Peas Sub (15 cms, 6 Inch)","Paneer Tikka Sub (15 cms, 6 Inch)","Corn & Peas Sub (15 cms, 6 Inch)-Paneer Tikka Sub (15 cms, 6 Inch)"
49749872968,"Corn & Peas Sub (15 cms, 6 Inch)","Paneer Tikka Sub (15 cms, 6 Inch)","Corn & Peas Sub (15 cms, 6 Inch)-Paneer Tikka Sub (15 cms, 6 Inch)"
49315198865,Chocolate Lovers,Swiss Choco Brownie,Chocolate Lovers-Swiss Choco Brownie
49298321465,Gobi Manchurian,Paneer Biryani,Gobi Manchurian-Paneer Biryani
48342768684,Berry Blast Shake [300 ml],Kitkat Oreo Shake [300 ml],Berry Blast Shake [300 ml]-Kitkat Oreo Shake [300 ml]
46946088452,Gobi Manchurian,Paneer Pulao with Kadhi,Gobi Manchurian-Paneer Pulao with Kadhi
46709238766,Mattar Paneer,Tawa Ghee Phulka,Mattar Paneer-Tawa Ghee Phulka
46709238766,Mattar Paneer,Punjabi Chaach Di-Bottle (Butter Milk),Mattar Paneer-Punjabi Chaach Di-Bottle (Butter Milk)
46709238766,Punjabi Chaach Di-Bottle (Butter Milk),Tawa Ghee Phulka,Punjabi Chaach Di-Bottle (Butter Milk)-Tawa Ghee Phulka
46709238766,Cheese Garlic Kulcha,Tawa Ghee Phulka,Cheese Garlic Kulcha-Tawa Ghee Phulka
46709238766,Cheese Garlic Kulcha,Mattar Paneer,Cheese Garlic Kulcha-Mattar Paneer
46709238766,Cheese Garlic Kulcha,Punjabi Chaach Di-Bottle (Butter Milk),Cheese Garlic Kulcha-Punjabi Chaach Di-Bottle (Butter Milk)
45329093270,Mixed Veg Raita,Peas Pulao ,Mixed Veg Raita-Peas Pulao 
45046337544,Paneer Tikka Masala,Roti,Paneer Tikka Masala-Roti
45046337544,Naan,Paneer Tikka Masala,Naan-Paneer Tikka Masala
45046337544,Naan,Roti,Naan-Roti
43878488152,Butterscotch Ice cream,Swiss Chocolate Ice cream,Butterscotch Ice cream-Swiss Chocolate Ice cream
43878488152,Butterscotch Ice cream,Oreo Cream and Fudge,Butterscotch Ice cream-Oreo Cream and Fudge
43878488152,Oreo Cream and Fudge,Swiss Chocolate Ice cream,Oreo Cream and Fudge-Swiss Chocolate Ice cream
43875533945,Gobi Manchurian (Dry),Paneer Fried Rice,Gobi Manchurian (Dry)-Paneer Fried Rice
41434653260,Classic Corn (Personal),Garlic Breadsticks,Classic Corn (Personal)-Garlic Breadsticks
38930061426,Cheesy Double Decker Taco Veg,Fajita Veggies Quesadilla,Cheesy Double Decker Taco Veg-Fajita Veggies Quesadilla
37720646109,Cheesy Double Decker Taco Veg,Chocodilla,Cheesy Double Decker Taco Veg-Chocodilla
29854675649,Cheese corn Wrap,Paneer & corn Pasta,Cheese corn Wrap-Paneer & corn Pasta
27788088847,Cheese corn Wrap,Trimasu Shake,Cheese corn Wrap-Trimasu Shake
26146797097,Daily Special Side Dish (Portion),Phulka Chapati,Daily Special Side Dish (Portion)-Phulka Chapati
22941287885,Chapathi Korma,Idli (2 Pcs),Chapathi Korma-Idli (2 Pcs)
22512535762,Idli (2 Pcs),Poori Masala,Idli (2 Pcs)-Poori Masala
21823031245,Poori Masala,Uttapam,Poori Masala-Uttapam
19578602443,Cheesy Rice Bowl - Veg,"McEgg Meal ( R )	","Cheesy Rice Bowl - Veg-McEgg Meal ( R )	"
19578602443,Cheesy Rice Bowl - Veg,"Mexican McAlooTikki Burger         	","Cheesy Rice Bowl - Veg-Mexican McAlooTikki Burger         	"
19405811984,Rasmalai,Veg Pulao with Raita,Rasmalai-Veg Pulao with Raita
1181693164,Schezwan Paneer Frankie,Tawa Paneer Frankie,Schezwan Paneer Frankie-Tawa Paneer Frankie
1177912478,Maggi Italiano,Mexican Fries (Chef Suggested),Maggi Italiano-Mexican Fries (Chef Suggested)
1172808867,Bubble Gum Ice cream (95 gms),Butterscotch Bliss Ice cream (95 gms),Bubble Gum Ice cream (95 gms)-Butterscotch Bliss Ice cream (95 gms)
1161151700,Golden Corn,Paneer & Onion,Golden Corn-Paneer & Onion
1161151700,Cheesy Dip,Golden Corn,Cheesy Dip-Golden Corn
1161151700,Cheesy Dip,Paneer & Onion,Cheesy Dip-Paneer & Onion
1161151700,Butterscotch Mousse Cake,Golden Corn,Butterscotch Mousse Cake-Golden Corn
1161151700,Butterscotch Mousse Cake,Cheesy Dip,Butterscotch Mousse Cake-Cheesy Dip
1161151700,Butterscotch Mousse Cake,Paneer & Onion,Butterscotch Mousse Cake-Paneer & Onion
1096353194,Cheese Tandoori Veg Pizza Sandwich,Mixed Choco Sandwich,Cheese Tandoori Veg Pizza Sandwich-Mixed Choco Sandwich
103989560561,Oreo Brownie,Trio of Chocolate Jar,Oreo Brownie-Trio of Chocolate Jar